Designator,Footprint,Quantity,Value,LCSC Part #
"C1, C16, C17, C18, C19, C20, C21, C23, C25, C3, C5, C7",0603_1608Metric,12,4u7,C1608X7S1A475K080AC
"C10, C11, C13, C14, C15, C8, C9",0603_1608Metric,7,1uF/50V,C1608X5R1H105K080AB
"C12, C2",0603_1608Metric,2,10uF,C1608X6S1A106M080AC
"C22, C24, C26, C27, C4, C6",0603_1608Metric,6,100n,CGA3E2X7R1E104K080AA
CONN1,PinHeader_1x05_P2.54mm_Vertical,1,SWD,10129378-903001BLF
CONN2,JST_XH_B2B-XH-A_1x02_P2.50mm_Vertical,1,B2B-XH-A (LF)(SN),B2B-XH-A (LF)(SN)
CONN3,TE_2-1734839-4_1x24-1MP_P0.5mm_Horizontal,1,ePaper,2-1734839-4
CONN4,Molex-2171790001,1,Molex-2171790001,2171790001
CONN5,LINX_CONSMA020.062-G,1,External Antenna,CONSMA020.062-G
CONN6,Grove_Vertical,1,UART,110990030
"CONN7, CONN8",Grove_Vertical,2,I2C,110990030
"D1, D2",D_SMF,2,SL03-GS08,SL03-GS08
D3,D_SMF,1,SS1FL3HM3/H,SS1FL3HM3/H
D4,SP0503BAHTG-SOT143,1,SP0503BAHTG,SP0503BAHTG
"F1, F2, F3",Fiducial_0.75mm_Mask1.5mm,3,Fiducial,notApplicable
"H1, H2, H3, H4",MountingHole_2.2mm_M2_Pad,4,M2,notApplicable
L1,L_TDK_VLS6045EX,1,68uH,VLS6045EX-680M
Q1,SOT-323_SC-70,1,PJC7400,PJC7400_R1_00001
"R1, R10, R11, R12",0603_1608Metric,4,3K3,CR0603-JW-332ELF
R2,0603_1608Metric,1,1K,CR0603-JW-102ELF
"R3, R5",0603_1608Metric,2,5K1,CR0603-FX-5101ELF
R4,0603_1608Metric,1,22K1,CR0603-FX-2212ELF
R6,0603_1608Metric,1,470,CR0603-FX-4700ELF
R7,0603_1608Metric,1,47K5,CR0603-FX-4752ELF
R8,0603_1608Metric,1,0R47,ERJ-3RQFR47V
R9,0603_1608Metric,1,10K,CR0603-JW-103ELF
SW1,SW_SPST_PTS815,1,Boot0,PTS815 SJM 250 SMTR LFS
SW2,SW_SPST_PTS815,1,Reset,PTS815 SJM 250 SMTR LFS
"TP2, TP3",TestPoint_THTPad_1.5x1.5mm_Drill0.7mm,2,GND,notApplicable
"TP4, TP5",TestPoint_THTPad_2.5x2.5mm_Drill1.2mm,2,GND,notApplicable
TP6,TestPoint_THTPad_2.5x2.5mm_Drill1.2mm,1,3V3,notApplicable
TP7,TestPoint_THTPad_2.5x2.5mm_Drill1.2mm,1,TestPoint_Probe,notApplicable
U1,DFN10,1,MCP73123,MCP73123-22SI/MF
U2,LoRa-E5,1,LoRa-E5,317990687
U3,QFN24 - CP2102N,1,CP2102N,CP2102N-A02-GQFN24
U4,OSHW-Symbol_6.7x6mm_SilkScreen,1,"eInk_Display_1.54""200x200px",GDEH0154D67
U5,Bosch_BME680,1,BME680,BME680
U6,TSL2591-SON,1,TSL25911,TSL25911FN
U7,TSSOP-B8,1,BR24G512FVT-5AE2,BR24G512FVT-5AE2
